1,2,3,4,5,6,7,8,9,10,11,12,13,14,1_syllables,2_syllables,3_syllables,4_syllables,5_syllables,6_syllables,7_syllables,8_syllables,9_syllables,10_syllables,11_syllables,12_syllables,13_syllables,14_syllables
"O that you were your self, but love you are","No longer yours, than you your self here live,","Against this coming end you should prepare,",And your sweet semblance to some other give.,So should that beauty which you hold in lease,"Find no determination, then you were","Your self again after your self's decease,",When your sweet issue your sweet form should bear.,"Who lets so fair a house fall to decay,","Which husbandry in honour might uphold,",Against the stormy gusts of winter's day,And barren rage of death's eternal cold?,"O none but unthrifts, dear my love you know,","You had a father, let your son say so.",10,10,10,10,10,10,10,10,10,10,10,10,,10
But wherefore do not you a mightier way,Make war upon this bloody tyrant Time?,And fortify your self in your decay,With means more blessed than my barren rhyme?,"Now stand you on the top of happy hours,","And many maiden gardens yet unset,","With virtuous wish would bear you living flowers,",Much liker than your painted counterfeit:,So should the lines of life that life repair,Which this (Time's pencil) or my pupil pen,Neither in inward worth nor outward fair,Can make you live your self in eyes of men.,"To give away your self, keeps your self still,",And you must live drawn by your own sweet skill.,11,10,10,9,"10,11",10,12,,10,9,10,10,10,10
Who will believe my verse in time to come,If it were filled with your most high deserts?,Though yet heaven knows it is but as a tomb,"Which hides your life, and shows not half your parts:","If I could write the beauty of your eyes,","And in fresh numbers number all your graces,","The age to come would say this poet lies,",Such heavenly touches ne'er touched earthly faces.,So should my papers (yellowed with their age),"Be scorned, like old men of less truth than tongue,","And your true rights be termed a poet's rage,",And stretched metre of an antique song.,"But were some child of yours alive that time,","You should live twice in it, and in my rhyme.",10,10,11,10,10,11,10,12,8,10,10,9,10,10
"A woman's face with nature's own hand painted,","Hast thou the master mistress of my passion,",A woman's gentle heart but not acquainted,"With shifting change as is false women's fashion,","An eye more bright than theirs, less false in rolling:","Gilding the object whereupon it gazeth,","A man in hue all hues in his controlling,",Which steals men's eyes and women's souls amazeth.,"And for a woman wert thou first created,","Till nature as she wrought thee fell a-doting,","And by addition me of thee defeated,",By adding one thing to my purpose nothing.,"But since she pricked thee out for women's pleasure,",Mine be thy love and thy love's use their treasure.,11,11,11,11,11,,11,,11,9,11,11,11,11
"So is it not with me as with that muse,","Stirred by a painted beauty to his verse,","Who heaven it self for ornament doth use,","And every fair with his fair doth rehearse,",Making a couplement of proud compare,"With sun and moon, with earth and sea's rich gems:","With April's first-born flowers and all things rare,",That heaven's air in this huge rondure hems.,"O let me true in love but truly write,","And then believe me, my love is as fair,","As any mother's child, though not so bright",As those gold candles fixed in heaven's air:,"Let them say more that like of hearsay well,",I will not praise that purpose not to sell.,10,10,11,"10,11",,10,10,,10,10,10,10,10,10
"Thy bosom is endeared with all hearts,","Which I by lacking have supposed dead,","And there reigns love and all love's loving parts,",And all those friends which I thought buried.,How many a holy and obsequious tear,"Hath dear religious love stol'n from mine eye,","As interest of the dead, which now appear,",But things removed that hidden in thee lie.,"Thou art the grave where buried love doth live,","Hung with the trophies of my lovers gone,","Who all their parts of me to thee did give,","That due of many, now is thine alone.","Their images I loved, I view in thee,",And thou (all they) hast all the all of me.,9,9,10,9,12,,"10,11",10,10,10,10,10,10,9
"Let me confess that we two must be twain,",Although our undivided loves are one:,"So shall those blots that do with me remain,","Without thy help, by me be borne alone.","In our two loves there is but one respect,","Though in our lives a separable spite,","Which though it alter not love's sole effect,",Yet doth it steal sweet hours from love's delight.,"I may not evermore acknowledge thee,","Lest my bewailed guilt should do thee shame,","Nor thou with public kindness honour me,",Unless thou take that honour from thy name:,"But do not so, I love thee in such sort,","As thou being mine, mine is thy good report.",10,"10,11",10,10,"10,11",,10,"10,11",10,,10,10,10,11
"As a decrepit father takes delight,","To see his active child do deeds of youth,","So I, made lame by Fortune's dearest spite",Take all my comfort of thy worth and truth.,"For whether beauty, birth, or wealth, or wit,","Or any of these all, or all, or more","Entitled in thy parts, do crowned sit,",I make my love engrafted to this store:,"So then I am not lame, poor, nor despised,","Whilst that this shadow doth such substance give,","That I in thy abundance am sufficed,",And by a part of all thy glory live:,"Look what is best, that best I wish in thee,","This wish I have, then ten times happy me.",10,10,10,10,10,10,9,,"10,11",10,"10,11",10,10,10
"That thou hast her it is not all my grief,","And yet it may be said I loved her dearly,","That she hath thee is of my wailing chief,",A loss in love that touches me more nearly.,"Loving offenders thus I will excuse ye,","Thou dost love her, because thou know'st I love her,","And for my sake even so doth she abuse me,",Suff'ring my friend for my sake to approve her.,"If I lose thee, my loss is my love's gain,","And losing her, my friend hath found that loss,","Both find each other, and I lose both twain,","And both for my sake lay on me this cross,","But here's the joy, my friend and I are one,","Sweet flattery, then she loves but me alone.",10,11,10,11,11,,12,,10,10,10,10,10,11
"If the dull substance of my flesh were thought,","Injurious distance should not stop my way,","For then despite of space I would be brought,","From limits far remote, where thou dost stay,",No matter then although my foot did stand,"Upon the farthest earth removed from thee,","For nimble thought can jump both sea and land,",As soon as think the place where he would be.,"But ah, thought kills me that I am not thought","To leap large lengths of miles when thou art gone,","But that so much of earth and water wrought,","I must attend, time's leisure with my moan.","Receiving nought by elements so slow,","But heavy tears, badges of either's woe.",10,11,10,10,10,10,10,10,"10,11","10,11",10,10,10,10
"The other two, slight air, and purging fire,","Are both with thee, wherever I abide,","The first my thought, the other my desire,",These present-absent with swift motion slide.,For when these quicker elements are gone,"In tender embassy of love to thee,","My life being made of four, with two alone,","Sinks down to death, oppressed with melancholy.","Until life's composition be recured,","By those swift messengers returned from thee,","Who even but now come back again assured,","Of thy fair health, recounting it to me.","This told, I joy, but then no longer glad,",I send them back again and straight grow sad.,"10,11",10,11,8,10,10,11,11,,10,11,10,10,10
"Mine eye and heart are at a mortal war,","How to divide the conquest of thy sight,","Mine eye, my heart thy picture's sight would bar,","My heart, mine eye the freedom of that right,","My heart doth plead that thou in him dost lie,",(A closet never pierced with crystal eyes),"But the defendant doth that plea deny,",And says in him thy fair appearance lies.,To side this title is impanelled,"A quest of thoughts, all tenants to the heart,",And by their verdict is determined,"The clear eye's moiety, and the dear heart's part.","As thus, mine eye's due is thy outward part,","And my heart's right, thy inward love of heart.",10,10,10,10,10,9,10,10,,10,9,11,10,10
"Betwixt mine eye and heart a league is took,","And each doth good turns now unto the other,","When that mine eye is famished for a look,",Or heart in love with sighs himself doth smother;,"With my love's picture then my eye doth feast,",And to the painted banquet bids my heart:,"Another time mine eye is my heart's guest,",And in his thoughts of love doth share a part.,"So either by thy picture or my love,","Thy self away, art present still with me,","For thou not farther than my thoughts canst move,","And I am still with them, and they with thee.","Or if they sleep, thy picture in my sight","Awakes my heart, to heart's and eye's delight.",10,11,10,11,10,10,10,10,10,10,10,"10,11",10,10
Against that time (if ever that time come),"When I shall see thee frown on my defects,","When as thy love hath cast his utmost sum,","Called to that audit by advised respects,","Against that time when thou shalt strangely pass,","And scarcely greet me with that sun thine eye,",When love converted from the thing it was,Shall reasons find of settled gravity;,Against that time do I ensconce me here,"Within the knowledge of mine own desert,","And this my hand, against my self uprear,","To guard the lawful reasons on thy part,","To leave poor me, thou hast the strength of laws,","Since why to love, I can allege no cause.",9,10,10,10,10,10,10,10,10,10,11,10,10,10
"So am I as the rich whose blessed key,","Can bring him to his sweet up-locked treasure,","The which he will not every hour survey,",For blunting the fine point of seldom pleasure.,"Therefore are feasts so solemn and so rare,","Since seldom coming in that long year set,","Like stones of worth they thinly placed are,",Or captain jewels in the carcanet.,So is the time that keeps you as my chest,"Or as the wardrobe which the robe doth hide,","To make some special instant special-blest,",By new unfolding his imprisoned pride.,"Blessed are you whose worthiness gives scope,","Being had to triumph, being lacked to hope.","9,10",9,"10,11,12",11,10,10,9,"9,10",10,10,9,10,9,11
"What is your substance, whereof are you made,",That millions of strange shadows on you tend?,"Since every one, hath every one, one shade,","And you but one, can every shadow lend:","Describe Adonis and the counterfeit,","Is poorly imitated after you,","On Helen's cheek all art of beauty set,",And you in Grecian tires are painted new:,"Speak of the spring, and foison of the year,","The one doth shadow of your beauty show,","The other as your bounty doth appear,",And you in every blessed shape we know.,"In all external grace you have some part,","But you like none, none you for constant heart.",11,10,"10,11,12","10,11",10,10,10,11,,10,10,"9,10",10,10
"Sweet love renew thy force, be it not said","Thy edge should blunter be than appetite,","Which but to-day by feeding is allayed,",To-morrow sharpened in his former might.,"So love be thou, although to-day thou fill","Thy hungry eyes, even till they wink with fulness,","To-morrow see again, and do not kill","The spirit of love, with a perpetual dulness:",Let this sad interim like the ocean be,"Which parts the shore, where two contracted new,","Come daily to the banks, that when they see:","Return of love, more blest may be the view.","Or call it winter, which being full of care,","Makes summer's welcome, thrice more wished, more rare.",10,10,9,8,9,12,8,,"10,11",10,10,10,11,10
"Being your slave what should I do but tend,","Upon the hours, and times of your desire?",I have no precious time at all to spend;,Nor services to do till you require.,"Nor dare I chide the world-without-end hour,","Whilst I (my sovereign) watch the clock for you,","Nor think the bitterness of absence sour,",When you have bid your servant once adieu.,"Nor dare I question with my jealous thought,","Where you may be, or your affairs suppose,",But like a sad slave stay and think of nought,"Save where you are, how happy you make those.","So true a fool is love, that in your will,",(Though you do any thing) he thinks no ill.,10,"11,12",10,"10,11","8,7",9,"10,11",10,10,10,10,10,10,9
"If there be nothing new, but that which is,","Hath been before, how are our brains beguiled,",Which labouring for invention bear amis,The second burthen of a former child!,"O that record could with a backward look,","Even of five hundred courses of the sun,","Show me your image in some antique book,",Since mind at first in character was done.,"That I might see what the old world could say,","To this composed wonder of your frame,","Whether we are mended, or whether better they,",Or whether revolution be the same.,"O sure I am the wits of former days,",To subjects worse have given admiring praise.,10,"10,11",11,,10,11,10,10,10,9,12,10,"10,11",11
"Is it thy will, thy image should keep open",My heavy eyelids to the weary night?,"Dost thou desire my slumbers should be broken,",While shadows like to thee do mock my sight?,Is it thy spirit that thou send'st from thee,"So far from home into my deeds to pry,","To find out shames and idle hours in me,",The scope and tenure of thy jealousy?,"O no, thy love though much, is not so great,","It is my love that keeps mine eye awake,","Mine own true love that doth my rest defeat,",To play the watchman ever for thy sake.,"For thee watch I, whilst thou dost wake elsewhere,","From me far off, with others all too near.",11,10,12,10,,10,"10,11",10,10,10,10,10,10,10
When I have seen by Time's fell hand defaced,"The rich-proud cost of outworn buried age,","When sometime lofty towers I see down-rased,",And brass eternal slave to mortal rage.,When I have seen the hungry ocean gain,"Advantage on the kingdom of the shore,","And the firm soil win of the watery main,","Increasing store with loss, and loss with store.","When I have seen such interchange of State,","Or state it self confounded, to decay,",Ruin hath taught me thus to ruminate,That Time will come and take my love away.,This thought is as a death which cannot choose,"But weep to have, that which it fears to lose.",10,9,10,10,10,10,11,10,10,10,10,10,10,10
"Ah wherefore with infection should he live,","And with his presence grace impiety,","That sin by him advantage should achieve,",And lace it self with his society?,"Why should false painting imitate his cheek,",And steal dead seeming of his living hue?,"Why should poor beauty indirectly seek,","Roses of shadow, since his rose is true?","Why should he live, now nature bankrupt is,","Beggared of blood to blush through lively veins,","For she hath no exchequer now but his,","And proud of many, lives upon his gains?","O him she stores, to show what wealth she had,","In days long since, before these last so bad.",10,,10,10,10,10,10,10,10,,10,10,10,10
"Those parts of thee that the world's eye doth view,",Want nothing that the thought of hearts can mend:,"All tongues (the voice of souls) give thee that due,","Uttering bare truth, even so as foes commend.","Thy outward thus with outward praise is crowned,","But those same tongues that give thee so thine own,",In other accents do this praise confound,By seeing farther than the eye hath shown.,"They look into the beauty of thy mind,","And that in guess they measure by thy deeds,",Then churls their thoughts (although their eyes were kind),To thy fair flower add the rank smell of weeds:,"But why thy odour matcheth not thy show,","The soil is this, that thou dost common grow.",10,10,9,12,10,10,10,10,10,10,8,11,,10
"No longer mourn for me when I am dead,",Than you shall hear the surly sullen bell,Give warning to the world that I am fled,From this vile world with vilest worms to dwell:,"Nay if you read this line, remember not,","The hand that writ it, for I love you so,","That I in your sweet thoughts would be forgot,",If thinking on me then should make you woe.,"O if (I say) you look upon this verse,","When I (perhaps) compounded am with clay,",Do not so much as my poor name rehearse;,But let your love even with my life decay.,"Lest the wise world should look into your moan,",And mock you with me after I am gone.,"10,11",10,"10,11",,10,10,10,10,9,"8,9",10,11,10,"10,11"
"O lest the world should task you to recite,",What merit lived in me that you should love,"After my death (dear love) forget me quite,",For you in me can nothing worthy prove.,"Unless you would devise some virtuous lie,","To do more for me than mine own desert,","And hang more praise upon deceased I,",Than niggard truth would willingly impart:,"O lest your true love may seem false in this,","That you for love speak well of me untrue,","My name be buried where my body is,","And live no more to shame nor me, nor you.","For I am shamed by that which I bring forth,","And so should you, to love things nothing worth.",10,10,9,10,11,10,9,10,10,10,10,10,"10,11",10
"But be contented when that fell arrest,","Without all bail shall carry me away,","My life hath in this line some interest,",Which for memorial still with thee shall stay.,"When thou reviewest this, thou dost review,","The very part was consecrate to thee,","The earth can have but earth, which is his due,","My spirit is thine the better part of me,","So then thou hast but lost the dregs of life,","The prey of worms, my body being dead,","The coward conquest of a wretch's knife,","Too base of thee to be remembered,","The worth of that, is that which it contains,","And that is this, and this with thee remains.",10,10,"9,10",11,,10,10,11,10,10,,9,10,10
Why is my verse so barren of new pride?,So far from variation or quick change?,Why with the time do I not glance aside,"To new-found methods, and to compounds strange?","Why write I still all one, ever the same,","And keep invention in a noted weed,","That every word doth almost tell my name,","Showing their birth, and where they did proceed?","O know sweet love I always write of you,",And you and love are still my argument:,"So all my best is dressing old words new,",Spending again what is already spent:,"For as the sun is daily new and old,",So is my love still telling what is told.,10,10,10,9,10,10,"10,11",10,10,10,10,10,10,10
"So oft have I invoked thee for my muse,","And found such fair assistance in my verse,","As every alien pen hath got my use,",And under thee their poesy disperse.,"Thine eyes, that taught the dumb on high to sing,","And heavy ignorance aloft to fly,","Have added feathers to the learned's wing,",And given grace a double majesty.,"Yet be most proud of that which I compile,","Whose influence is thine, and born of thee,","In others' works thou dost but mend the style,",And arts with thy sweet graces graced be.,"But thou art all my art, and dost advance","As high as learning, my rude ignorance.",10,10,"11,12",10,10,10,,10,10,10,10,9,10,10
"Whilst I alone did call upon thy aid,","My verse alone had all thy gentle grace,","But now my gracious numbers are decayed,",And my sick muse doth give an other place.,I grant (sweet love) thy lovely argument,"Deserves the travail of a worthier pen,","Yet what of thee thy poet doth invent,","He robs thee of, and pays it thee again,","He lends thee virtue, and he stole that word,","From thy behaviour, beauty doth he give",And found it in thy cheek: he can afford,"No praise to thee, but what in thee doth live.","Then thank him not for that which he doth say,","Since what he owes thee, thou thy self dost pay.",10,10,10,10,9,11,10,10,10,10,10,10,10,10
"O how I faint when I of you do write,","Knowing a better spirit doth use your name,","And in the praise thereof spends all his might,",To make me tongue-tied speaking of your fame.,But since your worth (wide as the ocean is),"The humble as the proudest sail doth bear,",My saucy bark (inferior far to his),On your broad main doth wilfully appear.,"Your shallowest help will hold me up afloat,","Whilst he upon your soundless deep doth ride,","Or (being wrecked) I am a worthless boat,","He of tall building, and of goodly pride.","Then if he thrive and I be cast away,","The worst was this, my love was my decay.",10,11,10,9,9,10,7,10,,10,"8,9",10,10,10
"Or I shall live your epitaph to make,","Or you survive when I in earth am rotten,","From hence your memory death cannot take,",Although in me each part will be forgotten.,"Your name from hence immortal life shall have,","Though I (once gone) to all the world must die,","The earth can yield me but a common grave,","When you entombed in men's eyes shall lie,","Your monument shall be my gentle verse,","Which eyes not yet created shall o'er-read,","And tongues to be, your being shall rehearse,","When all the breathers of this world are dead,",You still shall live (such virtue hath my pen),"Where breath most breathes, even in the mouths of men.",10,"11,12",10,11,10,9,10,9,10,10,10,,9,11
"I never saw that you did painting need,","And therefore to your fair no painting set,","I found (or thought I found) you did exceed,",That barren tender of a poet's debt:,"And therefore have I slept in your report,","That you your self being extant well might show,","How far a modern quill doth come too short,","Speaking of worth, what worth in you doth grow.","This silence for my sin you did impute,","Which shall be most my glory being dumb,","For I impair not beauty being mute,","When others would give life, and bring a tomb.","There lives more life in one of your fair eyes,",Than both your poets can in praise devise.,10,10,9,10,10,11,10,10,10,10,10,10,10,10
"My tongue-tied muse in manners holds her still,","While comments of your praise richly compiled,","Reserve their character with golden quill,",And precious phrase by all the Muses filed.,"I think good thoughts, whilst other write good words,","And like unlettered clerk still cry Amen,","To every hymn that able spirit affords,",In polished form of well refined pen.,"Hearing you praised, I say 'tis so, 'tis true,","And to the most of praise add something more,","But that is in my thought, whose love to you","(Though words come hindmost) holds his rank before,","Then others, for the breath of words respect,","Me for my dumb thoughts, speaking in effect.",9,10,10,10,10,,"11,12",9,10,10,10,,10,10
"Was it the proud full sail of his great verse,","Bound for the prize of (all too precious) you,","That did my ripe thoughts in my brain inhearse,",Making their tomb the womb wherein they grew?,"Was it his spirit, by spirits taught to write,","Above a mortal pitch, that struck me dead?","No, neither he, nor his compeers by night","Giving him aid, my verse astonished.",He nor that affable familiar ghost,"Which nightly gulls him with intelligence,","As victors of my silence cannot boast,",I was not sick of any fear from thence.,"But when your countenance filled up his line,","Then lacked I matter, that enfeebled mine.",10,9,,10,11,10,,9,10,10,10,10,10,10
"When thou shalt be disposed to set me light,","And place my merit in the eye of scorn,","Upon thy side, against my self I'll fight,","And prove thee virtuous, though thou art forsworn:","With mine own weakness being best acquainted,",Upon thy part I can set down a story,"Of faults concealed, wherein I am attainted:","That thou in losing me, shalt win much glory:","And I by this will be a gainer too,","For bending all my loving thoughts on thee,","The injuries that to my self I do,","Doing thee vantage, double-vantage me.","Such is my love, to thee I so belong,","That for thy right, my self will bear all wrong.",10,10,10,11,11,11,,11,10,10,10,8,10,10
"Some glory in their birth, some in their skill,","Some in their wealth, some in their body's force,",Some in their garments though new-fangled ill:,"Some in their hawks and hounds, some in their horse.","And every humour hath his adjunct pleasure,","Wherein it finds a joy above the rest,","But these particulars are not my measure,",All these I better in one general best.,"Thy love is better than high birth to me,","Richer than wealth, prouder than garments' costs,",Of more delight than hawks and horses be:,"And having thee, of all men's pride I boast.","Wretched in this alone, that thou mayst take,","All this away, and me most wretched make.",10,10,8,10,"11,12",10,11,"10,11",10,10,10,10,10,10
"How sweet and lovely dost thou make the shame,","Which like a canker in the fragrant rose,",Doth spot the beauty of thy budding name!,O in what sweets dost thou thy sins enclose!,"That tongue that tells the story of thy days,",(Making lascivious comments on thy sport),"Cannot dispraise, but in a kind of praise,","Naming thy name, blesses an ill report.","O what a mansion have those vices got,","Which for their habitation chose out thee,","Where beauty's veil doth cover every blot,","And all things turns to fair, that eyes can see!","Take heed (dear heart) of this large privilege,",The hardest knife ill-used doth lose his edge.,10,10,10,10,10,9,,10,10,10,"10,11",10,"8,9",9
"From you have I been absent in the spring,",When proud-pied April (dressed in all his trim),Hath put a spirit of youth in every thing:,That heavy Saturn laughed and leaped with him.,"Yet nor the lays of birds, nor the sweet smell","Of different flowers in odour and in hue,",Could make me any summer's story tell:,Or from their proud lap pluck them where they grew:,"Nor did I wonder at the lily's white,","Nor praise the deep vermilion in the rose,","They were but sweet, but figures of delight:","Drawn after you, you pattern of all those.","Yet seemed it winter still, and you away,",As with your shadow I with these did play.,"10,11",8,"11,12",10,10,"11,12",10,10,10,10,10,10,10,10
"Alack what poverty my muse brings forth,","That having such a scope to show her pride,",The argument all bare is of more worth,Than when it hath my added praise beside.,O blame me not if I no more can write!,"Look in your glass and there appears a face,","That over-goes my blunt invention quite,","Dulling my lines, and doing me disgrace.","Were it not sinful then striving to mend,",To mar the subject that before was well?,"For to no other pass my verses tend,",Than of your graces and your gifts to tell.,"And more, much more than in my verse can sit,","Your own glass shows you, when you look in it.",10,10,10,10,10,10,9,10,10,10,10,10,10,10
"Let not my love be called idolatry,","Nor my beloved as an idol show,",Since all alike my songs and praises be,"To one, of one, still such, and ever so.","Kind is my love to-day, to-morrow kind,","Still constant in a wondrous excellence,","Therefore my verse to constancy confined,","One thing expressing, leaves out difference.","Fair, kind, and true, is all my argument,","Fair, kind, and true, varying to other words,","And in this change is my invention spent,","Three themes in one, which wondrous scope affords.","Fair, kind, and true, have often lived alone.","Which three till now, never kept seat in one.",10,"9,10",10,10,7,10,10,"9,10",10,11,10,10,10,10
"What's in the brain that ink may character,","Which hath not figured to thee my true spirit,","What's new to speak, what now to register,","That may express my love, or thy dear merit?","Nothing sweet boy, but yet like prayers divine,","I must each day say o'er the very same,","Counting no old thing old, thou mine, I thine,",Even as when first I hallowed thy fair name.,"So that eternal love in love's fresh case,","Weighs not the dust and injury of age,","Nor gives to necessary wrinkles place,","But makes antiquity for aye his page,","Finding the first conceit of love there bred,",Where time and outward form would show it dead.,10,11,10,11,"10,11",11,10,11,10,10,10,10,10,10
"O never say that I was false of heart,","Though absence seemed my flame to qualify,","As easy might I from my self depart,",As from my soul which in thy breast doth lie:,"That is my home of love, if I have ranged,","Like him that travels I return again,","Just to the time, not with the time exchanged,","So that my self bring water for my stain,","Never believe though in my nature reigned,","All frailties that besiege all kinds of blood,","That it could so preposterously be stained,",To leave for nothing all thy sum of good:,"For nothing this wide universe I call,","Save thou my rose, in it thou art my all.",10,10,10,10,10,10,10,10,10,10,,10,10,10
"Alas 'tis true, I have gone here and there,","And made my self a motley to the view,","Gored mine own thoughts, sold cheap what is most dear,",Made old offences of affections new.,"Most true it is, that I have looked on truth","Askance and strangely: but by all above,","These blenches gave my heart another youth,",And worse essays proved thee my best of love.,"Now all is done, have what shall have no end,",Mine appetite I never more will grind,"On newer proof, to try an older friend,","A god in love, to whom I am confined.","Then give me welcome, next my heaven the best,",Even to thy pure and most most loving breast.,10,10,10,10,10,10,,10,10,10,10,"10,11",11,11
"O for my sake do you with Fortune chide,","The guilty goddess of my harmful deeds,","That did not better for my life provide,",Than public means which public manners breeds.,"Thence comes it that my name receives a brand,",And almost thence my nature is subdued,"To what it works in, like the dyer's hand:","Pity me then, and wish I were renewed,","Whilst like a willing patient I will drink,","Potions of eisel 'gainst my strong infection,","No bitterness that I will bitter think,",Nor double penance to correct correction.,"Pity me then dear friend, and I assure ye,",Even that your pity is enough to cure me.,10,10,10,10,10,10,,10,10,11,10,11,11,12
Like as to make our appetite more keen,"With eager compounds we our palate urge,","As to prevent our maladies unseen,",We sicken to shun sickness when we purge.,"Even so being full of your ne'er-cloying sweetness,",To bitter sauces did I frame my feeding;,"And sick of welfare found a kind of meetness,",To be diseased ere that there was true needing.,Thus policy in love t' anticipate,"The ills that were not, grew to faults assured,",And brought to medicine a healthful state,Which rank of goodness would by ill be cured.,"But thence I learn and find the lesson true,",Drugs poison him that so feil sick of you.,"10,11","10,11","10,11",10,11,11,,11,11,10,10,10,10,10
What potions have I drunk of Siren tears,"Distilled from limbecks foul as hell within,","Applying fears to hopes, and hopes to fears,",Still losing when I saw my self to win!,"What wretched errors hath my heart committed,",Whilst it hath thought it self so blessed never!,How have mine eyes out of their spheres been fitted,In the distraction of this madding fever!,"O benefit of ill, now I find true","That better is, by evil still made better.",And ruined love when it is built anew,"Grows fairer than at first, more strong, far greater.","So I return rebuked to my content,",And gain by ills thrice more than I have spent.,10,,10,10,11,10,11,11,10,11,10,11,10,10
"Thy gift, thy tables, are within my brain","Full charactered with lasting memory,",Which shall above that idle rank remain,Beyond all date even to eternity.,"Or at the least, so long as brain and heart","Have faculty by nature to subsist,",Till each to razed oblivion yield his part,"Of thee, thy record never can be missed:","That poor retention could not so much hold,","Nor need I tallies thy dear love to score,","Therefore to give them from me was I bold,",To trust those tables that receive thee more:,To keep an adjunct to remember thee,Were to import forgetfulness in me.,10,,10,11,10,10,11,10,10,10,10,10,10,10
"No! Time, thou shalt not boast that I do change,",Thy pyramids built up with newer might,"To me are nothing novel, nothing strange,",They are but dressings Of a former sight:,"Our dates are brief, and therefore we admire,","What thou dost foist upon us that is old,","And rather make them born to our desire,",Than think that we before have heard them told:,"Thy registers and thee I both defy,","Not wond'ring at the present, nor the past,","For thy records, and what we see doth lie,",Made more or less by thy continual haste:,"This I do vow and this shall ever be,",I will be true despite thy scythe and thee.,10,10,10,10,"10,11","10,11","11,12",10,10,,10,11,10,10
Th' expense of spirit in a waste of shame,"Is lust in action, and till action, lust","Is perjured, murd'rous, bloody full of blame,","Savage, extreme, rude, cruel, not to trust,","Enjoyed no sooner but despised straight,","Past reason hunted, and no sooner had","Past reason hated as a swallowed bait,",On purpose laid to make the taker mad.,"Mad in pursuit and in possession so,","Had, having, and in quest, to have extreme,","A bliss in proof and proved, a very woe,",Before a joy proposed behind a dream.,"All this the world well knows yet none knows well,",To shun the heaven that leads men to this hell.,12,10,,"9,10",9,10,10,10,10,10,10,10,10,11
"My mistress' eyes are nothing like the sun,","Coral is far more red, than her lips red,","If snow be white, why then her breasts are dun:","If hairs be wires, black wires grow on her head:","I have seen roses damasked, red and white,","But no such roses see I in her cheeks,","And in some perfumes is there more delight,",Than in the breath that from my mistress reeks.,"I love to hear her speak, yet well I know,",That music hath a far more pleasing sound:,"I grant I never saw a goddess go,",My mistress when she walks treads on the ground.,"And yet by heaven I think my love as rare,",As any she belied with false compare.,10,10,10,"10,11,12",10,10,10,10,10,10,10,10,11,10
"Thine eyes I love, and they as pitying me,","Knowing thy heart torment me with disdain,","Have put on black, and loving mourners be,",Looking with pretty ruth upon my pain.,And truly not the morning sun of heaven,"Better becomes the grey cheeks of the east,",Nor that full star that ushers in the even,Doth half that glory to the sober west,As those two mourning eyes become thy face:,O let it then as well beseem thy heart,"To mourn for me since mourning doth thee grace,",And suit thy pity like in every part.,"Then will I swear beauty herself is black,",And all they foul that thy complexion lack.,11,10,10,10,11,10,11,10,10,,10,"10,11",10,10
"Thou blind fool Love, what dost thou to mine eyes,",That they behold and see not what they see?,"They know what beauty is, see where it lies,","Yet what the best is, take the worst to be.","If eyes corrupt by over-partial looks,","Be anchored in the bay where all men ride,","Why of eyes' falsehood hast thou forged hooks,",Whereto the judgment of my heart is tied?,"Why should my heart think that a several plot,",Which my heart knows the wide world's common place?,"Or mine eyes seeing this, say this is not",To put fair truth upon so foul a face?,"In things right true my heart and eyes have erred,",And to this false plague are they now transferred.,10,10,10,10,8,10,9,11,"10,11",10,10,10,10,10
"When my love swears that she is made of truth,","I do believe her though I know she lies,","That she might think me some untutored youth,",Unlearned in the world's false subtleties.,"Thus vainly thinking that she thinks me young,","Although she knows my days are past the best,","Simply I credit her false-speaking tongue,",On both sides thus is simple truth suppressed:,But wherefore says she not she is unjust?,And wherefore say not I that I am old?,"O love's best habit is in seeming trust,","And age in love, loves not to have years told.","Therefore I lie with her, and she with me,",And in our faults by lies we flattered be.,10,10,,9,10,10,8,10,10,"10,11",10,10,10,"10,11"
"Be wise as thou art cruel, do not press",My tongue-tied patience with too much disdain:,"Lest sorrow lend me words and words express,",The manner of my pity-wanting pain.,"If I might teach thee wit better it were,","Though not to love, yet love to tell me so,","As testy sick men when their deaths be near,",No news but health from their physicians know.,"For if I should despair I should grow mad,","And in my madness might speak ill of thee,","Now this ill-wresting world is grown so bad,",Mad slanderers by mad ears believed be.,"That I may not be so, nor thou belied,","Bear thine eyes straight, though thy proud heart go wide.","9,10",9,10,8,10,10,10,10,10,10,8,,10,10
"In faith I do not love thee with mine eyes,","For they in thee a thousand errors note,","But 'tis my heart that loves what they despise,",Who in despite of view is pleased to dote.,"Nor are mine cars with thy tongue's tune delighted,","Nor tender feeling to base touches prone,","Nor taste, nor smell, desire to be invited",To any sensual feast with thee alone:,"But my five wits, nor my five senses can","Dissuade one foolish heart from serving thee,","Who leaves unswayed the likeness of a man,",Thy proud heart's slave and vassal wretch to be:,"Only my plague thus far I count my gain,","That she that makes me sin, awards me pain.",10,10,10,10,,10,12,11,10,10,10,10,10,10
"Two loves I have of comfort and despair,","Which like two spirits do suggest me still,",The better angel is a man right fair:,The worser spirit a woman coloured ill.,"To win me soon to hell my female evil,","Tempteth my better angel from my side,",And would corrupt my saint to be a devil:,Wooing his purity with her foul pride.,"And whether that my angel be turned fiend,","Suspect I may, yet not directly tell,","But being both from me both to each friend,",I guess one angel in another's hell.,"Yet this shall I ne'er know but live in doubt,",Till my bad angel fire my good one out.,10,10,10,,11,,11,10,10,10,10,10,10,"10,11"
"Poor soul the centre of my sinful earth,","My sinful earth these rebel powers array,",Why dost thou pine within and suffer dearth,Painting thy outward walls so costly gay?,"Why so large cost having so short a lease,",Dost thou upon thy fading mansion spend?,Shall worms inheritors of this excess,Eat up thy charge? is this thy body's end?,"Then soul live thou upon thy servant's loss,",And let that pine to aggravate thy store;,Buy terms divine in selling hours of dross;,"Within be fed, without be rich no more,","So shall thou feed on death, that feeds on men,","And death once dead, there's no more dying then.",10,11,10,10,10,10,,10,,10,"10,11",10,10,10
"Love is too young to know what conscience is,",Yet who knows not conscience is born of love?,"Then gentle cheater urge not my amiss,",Lest guilty of my faults thy sweet self prove.,"For thou betraying me, I do betray","My nobler part to my gross body's treason,","My soul doth tell my body that he may,","Triumph in love, flesh stays no farther reason,","But rising at thy name doth point out thee,","As his triumphant prize, proud of this pride,","He is contented thy poor drudge to be,","To stand in thy affairs, fall by thy side.","No want of conscience hold it that I call,","Her love, for whose dear love I rise and fall.",10,10,10,10,10,11,10,11,10,10,10,10,10,10
"In loving thee thou know'st I am forsworn,","But thou art twice forsworn to me love swearing,","In act thy bed-vow broke and new faith torn,",In vowing new hate after new love bearing:,"But why of two oaths' breach do I accuse thee,","When I break twenty? I am perjured most,",For all my vows are oaths but to misuse thee:,And all my honest faith in thee is lost.,For I have sworn deep oaths of thy deep kindness:,"Oaths of thy love, thy truth, thy constancy,","And to enlighten thee gave eyes to blindness,",Or made them swear against the thing they see.,"For I have sworn thee fair: more perjured I,",To swear against the truth so foul a be.,,11,9,11,11,"10,11",11,10,11,10,11,10,10,10
